<?xml version="1.0" encoding="UTF-8"?>
<project-private xmlns="http://www.netbeans.org/ns/project-private/1">
    <data xmlns="http://www.netbeans.org/ns/make-project-private/1">
        <activeConfTypeElem>1</activeConfTypeElem>
        <activeConfIndexElem>0</activeConfIndexElem>
    </data>
    <editor-bookmarks xmlns="http://www.netbeans.org/ns/editor-bookmarks/2" lastBookmarkId="0"/>
    <open-files xmlns="http://www.netbeans.org/ns/projectui-open-files/2">
        <group>
            <file>file:/E:/Google%20Drive/Personal/Documents/NCC/CSC%20306/NetBeansProjects/phase2/order.cpp</file>
            <file>file:/E:/Google%20Drive/Personal/Documents/NCC/CSC%20306/NetBeansProjects/phase2/data.h</file>
            <file>file:/E:/Google%20Drive/Personal/Documents/NCC/CSC%20306/NetBeansProjects/phase2/customerUtilities.h</file>
            <file>file:/E:/Google%20Drive/Personal/Documents/NCC/CSC%20306/NetBeansProjects/phase2/customerUtilities.cpp</file>
            <file>file:/E:/Google%20Drive/Personal/Documents/NCC/CSC%20306/NetBeansProjects/phase2/customer.cpp</file>
            <file>file:/E:/Google%20Drive/Personal/Documents/NCC/CSC%20306/NetBeansProjects/phase2/data.cpp</file>
            <file>file:/E:/Google%20Drive/Personal/Documents/NCC/CSC%20306/NetBeansProjects/phase2/main.cpp</file>
        </group>
    </open-files>
</project-private>
